{"type": "metrics", "dataset": "train", "precision": 0.9953476983349657, "balanced_accuracy": 0.929573322221831, "recall": 0.8603174603174604, "f1_score": 0.9229197411737995}
{"type": "metrics", "dataset": "test", "precision": 0.6623600344530577, "balanced_accuracy": 0.6740203608923816, "recall": 0.40346274921301156, "f1_score": 0.501467231822628}
{"type": "cm_matrix", "dataset": "train", "true_0": {"predicted_0": 16209, "predicted_1": 19}, "true_1": {"predicted_0": 660, "predicted_1": 4065}}
{"type": "cm_matrix", "dataset": "test", "true_0": {"predicted_0": 6681, "predicted_1": 392}, "true_1": {"predicted_0": 1137, "predicted_1": 769}}
