{"type": "metrics", "dataset": "train", "precision": 0.9875435498496635, "balanced_accuracy": 0.9731310439986802, "recall": 0.9468783068783069, "f1_score": 0.9716581604951677}
{"type": "metrics", "dataset": "test", "precision": 0.8289341797527564, "balanced_accuracy": 0.6758251788535953, "recall": 0.40975865687303253, "f1_score": 0.5041962556488057}
{"type": "cm_matrix", "dataset": "train", "true_0": {"predicted_0": 16218, "predicted_1": 10}, "true_1": {"predicted_0": 251, "predicted_1": 4474}}
{"type": "cm_matrix", "dataset": "test", "true_0": {"predicted_0": 6672, "predicted_1": 411}, "true_1": {"predicted_0": 1125, "predicted_1": 781}}
